{
  "timestamp": "2025-08-21T16:24:29.050235",
  "model_dir": "models/checkpoints",
  "strategies_tested": [
    "random",
    "top_k",
    "spatial_threshold"
  ],
  "results": {
    "random": {
      "percentages": [
        0.1,
        0.2,
        0.3,
        0.4,
        0.5,
        0.6,
        0.7,
        0.8,
        0.9,
        1.0
      ],
      "accuracies": [
        0.36254777070063693,
        0.4229299363057325,
        0.483312101910828,
        0.49579617834394907,
        0.547515923566879,
        0.5763057324840765,
        0.5701910828025478,
        0.5852229299363058,
        0.6175796178343949,
        0.6063694267515923
      ]
    },
    "top_k": {
      "percentages": [
        0.1,
        0.2,
        0.3,
        0.4,
        0.5,
        0.6,
        0.7,
        0.8,
        0.9,
        1.0
      ],
      "accuracies": [
        0.40382165605095544,
        0.4802547770700637,
        0.5235668789808917,
        0.5515923566878981,
        0.5831847133757961,
        0.5791082802547771,
        0.5918471337579618,
        0.5943949044585988,
        0.6244585987261146,
        0.6063694267515923
      ]
    },
    "spatial_threshold": {
      "percentages": [
        0.1,
        0.2,
        0.3,
        0.4,
        0.5,
        0.6,
        0.7,
        0.8,
        0.9,
        1.0
      ],
      "accuracies": [
        0.42420382165605097,
        0.5001273885350318,
        0.5380891719745223,
        0.5699363057324841,
        0.5870063694267516,
        0.5847133757961783,
        0.5931210191082803,
        0.5943949044585988,
        0.6244585987261146,
        0.6063694267515923
      ]
    }
  }
}