{
  "timestamp": "2025-08-14T11:51:22.901296",
  "model_path": "models/checkpoints/best_model_pp1.0.pth",
  "strategies_tested": [
    "random",
    "top_k",
    "probabilistic"
  ],
  "results": {
    "random": {
      "percentages": [
        0.1,
        0.2,
        0.3,
        0.4,
        0.5,
        0.6,
        0.7,
        0.8,
        0.9,
        1.0
      ],
      "accuracies": [
        0.12662420382165604,
        0.19592356687898088,
        0.2713375796178344,
        0.338343949044586,
        0.3994904458598726,
        0.48280254777070064,
        0.535796178343949,
        0.5785987261146497,
        0.5961783439490446,
        0.6063694267515923
      ]
    },
    "top_k": {
      "percentages": [
        0.1,
        0.2,
        0.3,
        0.4,
        0.5,
        0.6,
        0.7,
        0.8,
        0.9,
        1.0
      ],
      "accuracies": [
        0.12560509554140128,
        0.1905732484076433,
        0.2721019108280255,
        0.3230573248407643,
        0.3831847133757962,
        0.46802547770700637,
        0.532484076433121,
        0.565859872611465,
        0.5951592356687898,
        0.6063694267515923
      ]
    },
    "probabilistic": {
      "percentages": [
        0.1,
        0.2,
        0.3,
        0.4,
        0.5,
        0.6,
        0.7,
        0.8,
        0.9,
        1.0
      ],
      "accuracies": [
        0.12713375796178344,
        0.1956687898089172,
        0.28203821656050954,
        0.34496815286624205,
        0.42394904458598726,
        0.48585987261146496,
        0.5419108280254777,
        0.5793630573248407,
        0.5949044585987261,
        0.6063694267515923
      ]
    }
  }
}